Название,Цена,ссылка
Подвесной светильник Сансет Black,4190,https://www.divan.ru/product/podvesnoj-svetilnik-sanset-black
Торшер Билли Black,12990,https://www.divan.ru/product/torsher-billi-black
Подвесной светильник Бабл-9,16490,https://www.divan.ru/product/podvesnoj-svetilnik-babl-9
Торшер Бабл-1,6190,https://www.divan.ru/product/torsher-babl-1
Подвесной светильник Бабл-3,6190,https://www.divan.ru/product/podvesnoj-svetilnik-babl-3
Бра Бабл Black,1990,https://www.divan.ru/product/bra-babl-black
Настольная лампа Дэнди Black,3990,https://www.divan.ru/product/nastolnaya-lampa-dendi-black
Настольная лампа Дэнди White,3990,https://www.divan.ru/product/nastolnaya-lampa-dendi-white
Торшер Варио White,3999,https://www.divan.ru/product/torsher-vario-white
Бра Варио Black,990,https://www.divan.ru/product/bra-vario-black
Бра Варио White,990,https://www.divan.ru/product/bra-vario-white
Подвесной светильник Сансет White,4190,https://www.divan.ru/product/podvesnoj-svetilnik-sanset-white
Подвесной светильник Кэндел Black,2690,https://www.divan.ru/product/podvesnoj-svetilnik-kendel-black
Подвесной светильник Кэндел White,2690,https://www.divan.ru/product/podvesnoj-svetilnik-kendel-white
Торшер Вена Beige,9990,https://www.divan.ru/product/torsher-vena-beige
Настольная лампа Сфера Orange,4990,https://www.divan.ru/product/nastolnaya-lampa-sfera-orange
Подвесной светильник Кая Black,2590,https://www.divan.ru/product/podvesnoj-svetilnik-kaya-black
Торшер Вена Black,9990,https://www.divan.ru/product/torsher-vena-black
Настольная лампа Гровер Glass,3990,https://www.divan.ru/product/nastolnaya-lampa-grover-glass
Настольная лампа Спайк Green,990,https://www.divan.ru/product/nastolnaya-lampa-spajk-green
Настольная лампа Рэй Black,2990,https://www.divan.ru/product/nastolnaya-lampa-rej-black
Подвесной светильник Портланд Black,2590,https://www.divan.ru/product/podvesnoj-svetilnik-portland-black
Торшер Рэй White,3590,https://www.divan.ru/product/torsher-rej-white
Торшер Мун Black,5990,https://www.divan.ru/product/torsher-mun-black
Торшер Варио Black,4990,https://www.divan.ru/product/torsher-vario-black
Настольная лампа Раффи Round,5990,https://www.divan.ru/product/nastolnaya-lampa-raffi-round
Торшер Гросс White,5990,https://www.divan.ru/product/torsher-gross-white
Бра Moderli Alina,3390,https://www.divan.ru/product/bra-moderli-alina
Подвесной светильник Маро Green,11690,https://www.divan.ru/product/podvesnoj-svetilnik-maro-green
Настольная лампа Машрум Grey,3990,https://www.divan.ru/product/nastolnaya-lampa-mashrum-grey
Настольная лампа Рэй White,2590,https://www.divan.ru/product/nastolnaya-lampa-rej-white
Светильник потолочный Matthew,4990,https://www.divan.ru/product/svetilnik-potolochnyj-matthew
Настольная лампа Junior-4,2990,https://www.divan.ru/product/nastolnaya-lampa-junior-4
Спот Лайт-1 Black,2390,https://www.divan.ru/product/spot-lajt-1-black
Настольная лампа Спайк Orange,990,https://www.divan.ru/product/nastolnaya-lampa-spajk-orange
Настольная лампа Junior-1,3990,https://www.divan.ru/product/nastolnaya-lampa-junior-1
Подвесной светильник Milligan,5490,https://www.divan.ru/product/podvesnoj-svetilnik-milligan
Настольная лампа Сфера Black,3990,https://www.divan.ru/product/nastolnaya-lampa-sfera-black
Подвесной светильник Townshend-4,10990,https://www.divan.ru/product/podvesnoj-svetilnik-townshend-4
Люстра Монти-3 White,9990,https://www.divan.ru/product/lyustra-monti-3-white
Настольная лампа Junior-2,2890,https://www.divan.ru/product/nastolnaya-lampa-junior-2
Настольная лампа Taeda,4390,https://www.divan.ru/product/nastolnaya-lampa-taeda
Торшер Duetto,6990,https://www.divan.ru/product/torsher-duetto
Настольная лампа Sphere,6530,https://www.divan.ru/product/nastolnaya-lampa-sphere
Подвесной светильник Layham,19790,https://www.divan.ru/product/podvesnoj-svetilnik-layham
Бра Galdakao-1,6590,https://www.divan.ru/product/bra-galdakao
Настольная лампа Гросс White,3590,https://www.divan.ru/product/nastolnaya-lampa-gross-white
Подвесной светильник Сэнсил Silver,4590,https://www.divan.ru/product/podvesnoj-svetilnik-sensil-silver
Подвесной светильник Сансет Black,4190,https://www.divan.ru/product/podvesnoj-svetilnik-sanset-black
Торшер Билли Black,12990,https://www.divan.ru/product/torsher-billi-black
Подвесной светильник Бабл-9,16490,https://www.divan.ru/product/podvesnoj-svetilnik-babl-9
Торшер Бабл-1,6190,https://www.divan.ru/product/torsher-babl-1
Подвесной светильник Бабл-3,6190,https://www.divan.ru/product/podvesnoj-svetilnik-babl-3
Бра Бабл Black,1990,https://www.divan.ru/product/bra-babl-black
Настольная лампа Дэнди Black,3990,https://www.divan.ru/product/nastolnaya-lampa-dendi-black
Настольная лампа Дэнди White,3990,https://www.divan.ru/product/nastolnaya-lampa-dendi-white
Торшер Варио White,3999,https://www.divan.ru/product/torsher-vario-white
Бра Варио Black,990,https://www.divan.ru/product/bra-vario-black
Бра Варио White,990,https://www.divan.ru/product/bra-vario-white
Подвесной светильник Сансет White,4190,https://www.divan.ru/product/podvesnoj-svetilnik-sanset-white
Подвесной светильник Кэндел Black,2690,https://www.divan.ru/product/podvesnoj-svetilnik-kendel-black
Подвесной светильник Кэндел White,2690,https://www.divan.ru/product/podvesnoj-svetilnik-kendel-white
Торшер Вена Beige,9990,https://www.divan.ru/product/torsher-vena-beige
Настольная лампа Сфера Orange,4990,https://www.divan.ru/product/nastolnaya-lampa-sfera-orange
Подвесной светильник Кая Black,2590,https://www.divan.ru/product/podvesnoj-svetilnik-kaya-black
Торшер Вена Black,9990,https://www.divan.ru/product/torsher-vena-black
Настольная лампа Гровер Glass,3990,https://www.divan.ru/product/nastolnaya-lampa-grover-glass
Настольная лампа Спайк Green,990,https://www.divan.ru/product/nastolnaya-lampa-spajk-green
Настольная лампа Рэй Black,2990,https://www.divan.ru/product/nastolnaya-lampa-rej-black
Подвесной светильник Портланд Black,2590,https://www.divan.ru/product/podvesnoj-svetilnik-portland-black
Торшер Рэй White,3590,https://www.divan.ru/product/torsher-rej-white
Торшер Мун Black,5990,https://www.divan.ru/product/torsher-mun-black
Торшер Варио Black,4990,https://www.divan.ru/product/torsher-vario-black
Настольная лампа Раффи Round,5990,https://www.divan.ru/product/nastolnaya-lampa-raffi-round
Торшер Гросс White,5990,https://www.divan.ru/product/torsher-gross-white
Бра Moderli Alina,3390,https://www.divan.ru/product/bra-moderli-alina
Подвесной светильник Маро Green,11690,https://www.divan.ru/product/podvesnoj-svetilnik-maro-green
Настольная лампа Машрум Grey,3990,https://www.divan.ru/product/nastolnaya-lampa-mashrum-grey
Настольная лампа Рэй White,2590,https://www.divan.ru/product/nastolnaya-lampa-rej-white
Светильник потолочный Matthew,4990,https://www.divan.ru/product/svetilnik-potolochnyj-matthew
Настольная лампа Junior-4,2990,https://www.divan.ru/product/nastolnaya-lampa-junior-4
Спот Лайт-1 Black,2390,https://www.divan.ru/product/spot-lajt-1-black
Настольная лампа Спайк Orange,990,https://www.divan.ru/product/nastolnaya-lampa-spajk-orange
Настольная лампа Junior-1,3990,https://www.divan.ru/product/nastolnaya-lampa-junior-1
Подвесной светильник Milligan,5490,https://www.divan.ru/product/podvesnoj-svetilnik-milligan
Настольная лампа Сфера Black,3990,https://www.divan.ru/product/nastolnaya-lampa-sfera-black
Подвесной светильник Townshend-4,10990,https://www.divan.ru/product/podvesnoj-svetilnik-townshend-4
Люстра Монти-3 White,9990,https://www.divan.ru/product/lyustra-monti-3-white
Настольная лампа Junior-2,2890,https://www.divan.ru/product/nastolnaya-lampa-junior-2
Настольная лампа Taeda,4390,https://www.divan.ru/product/nastolnaya-lampa-taeda
Торшер Duetto,6990,https://www.divan.ru/product/torsher-duetto
Настольная лампа Sphere,6530,https://www.divan.ru/product/nastolnaya-lampa-sphere
Подвесной светильник Layham,19790,https://www.divan.ru/product/podvesnoj-svetilnik-layham
Бра Galdakao-1,6590,https://www.divan.ru/product/bra-galdakao
Настольная лампа Гросс White,3590,https://www.divan.ru/product/nastolnaya-lampa-gross-white
Подвесной светильник Сэнсил Silver,4590,https://www.divan.ru/product/podvesnoj-svetilnik-sensil-silver
Подвесной светильник Tureis,3390,https://www.divan.ru/product/podvesnoj-svetilnik-tureis
Бра Moderli Birds-1,9690,https://www.divan.ru/product/bra-moderli-birds-1
Подвесной светильник Даклин White,3890,https://www.divan.ru/product/podvesnoj-svetilnik-daklin-white
Настольная лампа Townshend-5,5490,https://www.divan.ru/product/nastolnaya-lampa-townshend-5
Подвесной светильник Лиму-3 Black,5390,https://www.divan.ru/product/podvesnoj-svetilnik-limu-3-black
Подвесной светильник Moderli Libre,5490,https://www.divan.ru/product/podvesnoj-svetilnik-moderli-libre
Настольная лампа Layham,4790,https://www.divan.ru/product/nastolnaya-lampa-layham
Торшер Билли White,12990,https://www.divan.ru/product/torsher-billi-white
Подвесной светильник Chieveley,14990,https://www.divan.ru/product/podvesnoj-svetilnik-chieveley
Подвесной светильник Фаро White,5290,https://www.divan.ru/product/podvesnoj-svetilnik-faro-white
Спот Лима-1 Black,2490,https://www.divan.ru/product/spot-lima-1-black
Бра Cornus Silver,5590,https://www.divan.ru/product/bra-cornus-silver
Подвесной светильник Руд Black,3390,https://www.divan.ru/product/podvesnoj-svetilnik-rud-black
Спот Олден Brown,1390,https://www.divan.ru/product/spot-olden-brown
Настольная лампа Олли Black Pearl,7990,https://www.divan.ru/product/nastolnaya-lampa-olli-black-pearl
Подвесной светильник Volare,3990,https://www.divan.ru/product/podvesnoj-svetilnik-volare
Ландшафтный светильник Визор Black,5190,https://www.divan.ru/product/landshaftnyj-svetilnik-vizor-black
Бра Bolla-Unica,5290,https://www.divan.ru/product/bra-bolla-unica
Люстра Леон-5 Black,10790,https://www.divan.ru/product/lyustra-leon-5-black
Настольная лампа Мист Black,6990,https://www.divan.ru/product/nastolnaya-lampa-mist-black
Настольная лампа Palla Grey,14990,https://www.divan.ru/product/nastolnaya-lampa-palla-grey
Спот Дьюк Black,2590,https://www.divan.ru/product/spot-dyuk-black
Подвесной светильник Кэнди Blue,3990,https://www.divan.ru/product/podvesnoj-svetilnik-kendi-blue
Подвесной светильник Пайнд Black,2890,https://www.divan.ru/product/podvesnoj-svetilnik-pajnd-black
Подвесной светильник Фолс White,4990,https://www.divan.ru/product/podvesnoj-svetilnik-fols-white
Люстра Нейва-4 Black,6490,https://www.divan.ru/product/lyustra-nejva-4-black
Подвесной светильник Лима Grafit,2390,https://www.divan.ru/product/podvesnoj-svetilnik-lima-grafit
Бра Лима Black,2290,https://www.divan.ru/product/bra-lima-black
Подвесной светильник Юта Beige,13390,https://www.divan.ru/product/podvesnoj-svetilnik-yuta-beige
Бра Myrica,4990,https://www.divan.ru/product/bra-myrica
Торшер Combo,11900,https://www.divan.ru/product/torsher-combo
Бра Техно Стрикт-2 Black,2290,https://www.divan.ru/product/bra-tehno-strikt-2-black
Бра Lithops-2 Black,2690,https://www.divan.ru/product/bra-lithops-2-black
Бра Донатори Black,5590,https://www.divan.ru/product/bra-donatori-black
Торшер Токио White,27790,https://www.divan.ru/product/torsher-tokio-white
Подвесной светильник Хоул Grey,3690,https://www.divan.ru/product/podvesnoj-svetilnik-houl-grey
Бра Aqua-Bolla,2190,https://www.divan.ru/product/bra-aqua-bolla
Настольная лампа Moderli Suspent,3190,https://www.divan.ru/product/nastolnaya-lampa-moderli-suspent
Подвесной светильник Минки-2 Brown,3290,https://www.divan.ru/product/podvesnoj-svetilnik-minki-2-brown
Подвесной светильник Пайнд White,2890,https://www.divan.ru/product/podvesnoj-svetilnik-pajnd-white
Подвесной светильник Снэки Brown,2490,https://www.divan.ru/product/podvesnoj-svetilnik-sneki-brown
Торшер Moderli Floor White,6590,https://www.divan.ru/product/torsher-moderli-floor-white
Бра Белфаст Single,3590,https://www.divan.ru/product/bra-belfast-single
Бра Фаро Black,2790,https://www.divan.ru/product/bra-faro-black
Ландшафтный светильник Белград Black,10990,https://www.divan.ru/product/landshaftnyj-svetilnik-belgrad-black
Бра Tarbes-1,5790,https://www.divan.ru/product/bra-tarbes-1
Торшер Moderli Suspent,7190,https://www.divan.ru/product/torsher-moderli-suspent
Светильник потолочный Атрани Black,4490,https://www.divan.ru/product/svetilnik-potolochnyj-atrani-black
Спот Минки-2 Black,1690,https://www.divan.ru/product/spot-minki-2-black
Люстра Кито-5 Black,7590,https://www.divan.ru/product/lyustra-kito-5-black
Бра Техно Стрикт-2 Grey,2290,https://www.divan.ru/product/bra-tehno-strikt-2-grey
Настольная лампа Терси Blue,11890,https://www.divan.ru/product/nastolnaya-lampa-tersi-blue
Спот Минки-2 Grey,1690,https://www.divan.ru/product/spot-minki-2-grey
Спот Минки-2 Brown,1790,https://www.divan.ru/product/spot-minki-2-brown
Настольная лампа Фаро Black,3490,https://www.divan.ru/product/nastolnaya-lampa-faro-black
Спот Минки-1 Grey,890,https://www.divan.ru/product/spot-minki-1-grey
Подвесной светильник Narices-1,26390,https://www.divan.ru/product/podvesnoj-svetilnik-narices-1
Подвесной светильник Фаро-5 Black,5290,https://www.divan.ru/product/podvesnoj-svetilnik-faro-5-black
Бра Куб Black,2190,https://www.divan.ru/product/bra-kub-black
Подвесной светильник Снэки Grey,4390,https://www.divan.ru/product/podvesnoj-svetilnik-sneki-grey
Настольная лампа Junior,2990,https://www.divan.ru/product/nastolnaya-lampa-junior
Настольная лампа Alba White,2990,https://www.divan.ru/product/nastolnaya-lampa-alba-white
Спот Минки Black,1190,https://www.divan.ru/product/spot-minki-black
Настольная лампа Маннера Brown,4450,https://www.divan.ru/product/nastolnaya-lampa-mannera-brown
Светильник потолочный Банджи White,7990,https://www.divan.ru/product/svetilnik-potolochnyj-bandji-white
Подвесной светильник Moderli Lewes,14390,https://www.divan.ru/product/podvesnoj-svetilnik-moderli-lewes
Люстра Альби-12 Black,4890,https://www.divan.ru/product/lyustra-albi-12-black
Подвесной светильник Мирра-1 White,5090,https://www.divan.ru/product/podvesnoj-svetilnik-mirra-1-white
Настольная лампа Nevy Silver,11290,https://www.divan.ru/product/nastolnaya-lampa-nevy-silver
Подвесной светильник Robinia Gold,11790,https://www.divan.ru/product/podvesnoj-svetilnik-robinia-gold
Настольная лампа Rodos,4990,https://www.divan.ru/product/nastolnaya-lampa-rodos
Бра Гермес Black,5490,https://www.divan.ru/product/bra-germes-black
Подвесной светильник Volare-1,4320,https://www.divan.ru/product/podvesnoj-svetilnik-volare-1
Подвесной светильник Milligan-1,16490,https://www.divan.ru/product/podvesnoj-svetilnik-milligan-1
Спот Лайт-2 Black,3190,https://www.divan.ru/product/spot-lajt-2-black
Ландшафтный светильник Техно-1 Black,6690,https://www.divan.ru/product/landshaftnyj-svetilnik-tehno-1-black
Ландшафтный светильник Равелло-1 Black,6990,https://www.divan.ru/product/landshaftnyj-svetilnik-ravello-1-black
Настольная лампа Фаро White,4390,https://www.divan.ru/product/nastolnaya-lampa-faro-white
Торшер Токио Black,27790,https://www.divan.ru/product/torsher-tokio-black
Светильник потолочный Линг White,7690,https://www.divan.ru/product/svetilnik-potolochnyj-ling-white
Подвесной светильник Паоли-1 Black,1200,https://www.divan.ru/product/podvesnoj-svetilnik-paoli-1-black
Бра Равелло Black,5890,https://www.divan.ru/product/bra-ravello-black
Бра Сирмион Black,7690,https://www.divan.ru/product/bra-sirmion-black
Настольная лампа Акаси White,3890,https://www.divan.ru/product/nastolnaya-lampa-akasi-white
Подвесной светильник Минки-2 White,2490,https://www.divan.ru/product/podvesnoj-svetilnik-minki-2-white
Подвесной светильник Талли Black,7190,https://www.divan.ru/product/podvesnoj-svetilnik-talli-black
Подвесной светильник Минки Grey,2590,https://www.divan.ru/product/podvesnoj-svetilnik-minki-grey
Спот Лиманж-2 Black,4490,https://www.divan.ru/product/spot-limanj-2-black
Подвесной светильник Ридж Brown,3090,https://www.divan.ru/product/podvesnoj-svetilnik-ridj-brown
Настольная лампа Альби White,1590,https://www.divan.ru/product/nastolnaya-lampa-albi-white
Подвесной светильник Шалин Black,2390,https://www.divan.ru/product/podvesnoj-svetilnik-shalin-black
Спот Олден Grey,1290,https://www.divan.ru/product/spot-olden-grey
Подвесной светильник Мистеро White,1190,https://www.divan.ru/product/podvesnoj-svetilnik-mistero-white
Подвесной светильник Moderli Lia-2,5590,https://www.divan.ru/product/podvesnoj-svetilnik-moderli-lia-2
Подвесной светильник Полярик Silver,6890,https://www.divan.ru/product/podvesnoj-svetilnik-polyarik-silver
Ландшафтный светильник Талли Black,12790,https://www.divan.ru/product/landshaftnyj-svetilnik-talli-black
Спот Олден Black,1290,https://www.divan.ru/product/spot-olden-black
Спот Минки Grey,790,https://www.divan.ru/product/spot-minki-grey
Подвесной светильник Пайн-2 Black,3090,https://www.divan.ru/product/podvesnoj-svetilnik-pajn-2-black
Светильник потолочный Парма White,5090,https://www.divan.ru/product/svetilnik-potolochnyj-parma-white
Ландшафтный светильник Элси-1 Black,750,https://www.divan.ru/product/landshaftnyj-svetilnik-elsi-1-black
Настольная лампа Олли Brass,7990,https://www.divan.ru/product/nastolnaya-lampa-olli-brass
Бра Тренто White,2590,https://www.divan.ru/product/bra-trento-white
Подвесной светильник Снэки-5 Grey,7390,https://www.divan.ru/product/podvesnoj-svetilnik-sneki-5-grey
Спот Лима-4 White,8290,https://www.divan.ru/product/spot-lima-4-white
Настольная лампа Монтероло Small,8990,https://www.divan.ru/product/nastolnaya-lampa-monterolo-small
Подвесной светильник Ройл Black,6790,https://www.divan.ru/product/podvesnoj-svetilnik-rojl-black
Настольная лампа Дэви White,9190,https://www.divan.ru/product/nastolnaya-lampa-devi-white
Торшер Nevy Silver,19590,https://www.divan.ru/product/torsher-nevy-silver
Настольная лампа Маннера Grey,4450,https://www.divan.ru/product/nastolnaya-lampa-mannera-grey
Светильник потолочный Лима-1 Black,2590,https://www.divan.ru/product/svetilnik-potolochnyj-lima-1-black
Подвесной светильник Priddy,9890,https://www.divan.ru/product/podvesnoj-svetilnik-priddy
Настольная лампа Джеркс White,6990,https://www.divan.ru/product/nastolnaya-lampa-djerks-white
Торшер Moderli Birds-1,15790,https://www.divan.ru/product/torsher-moderli-birds-1
Подвесной светильник Санти Black,8890,https://www.divan.ru/product/podvesnoj-svetilnik-santi-black
Ландшафтный светильник Техно-2 Black,5990,https://www.divan.ru/product/landshaftnyj-svetilnik-tehno-2-black
Ландшафтный светильник Элси-3 Black,890,https://www.divan.ru/product/landshaftnyj-svetilnik-elsi-3-black
Настольная лампа Narices,15390,https://www.divan.ru/product/nastolnaya-lampa-narices
Люстра Альби-5 Black,6190,https://www.divan.ru/product/lyustra-albi-5-black
Бра Твинки Black,3390,https://www.divan.ru/product/bra-tvinki-black
Подвесной светильник Hilt White,3990,https://www.divan.ru/product/podvesnoj-svetilnik-hilt-white
Торшер Moderli Birds-3,26990,https://www.divan.ru/product/torsher-moderli-birds-3
Подвесной светильник Минки Brown,2690,https://www.divan.ru/product/podvesnoj-svetilnik-minki-brown
Ландшафтный светильник Сфера-1 Black,11390,https://www.divan.ru/product/landshaftnyj-svetilnik-sfera-1-black
Торшер Moderli Floor Black,6590,https://www.divan.ru/product/torsher-moderli-floor-black
Подвесной светильник Дейл Brown,2890,https://www.divan.ru/product/podvesnoj-svetilnik-dejl-brown
Подвесной светильник Hilt,3990,https://www.divan.ru/product/podvesnoj-svetilnik-hilt
Подвесной светильник Минки-1 White,2790,https://www.divan.ru/product/podvesnoj-svetilnik-minki-1-white
Подвесной светильник Телос White,2890,https://www.divan.ru/product/podvesnoj-svetilnik-telos-white
Спот Минки Brown,890,https://www.divan.ru/product/spot-minki-brown
Спот Лайт-1 Grey,2390,https://www.divan.ru/product/spot-lajt-1-grey
Спот Лайт-2 White,3190,https://www.divan.ru/product/spot-lajt-2-white
Подвесной светильник Минки-1 Brown,2990,https://www.divan.ru/product/podvesnoj-svetilnik-minki-1-brown
Бра Элси Black,890,https://www.divan.ru/product/bra-elsi-black
Подвесной светильник Вьено-5 Black,9990,https://www.divan.ru/product/podvesnoj-svetilnik-veno-5-black
Подвесной светильник Паоли-3 Black,6090,https://www.divan.ru/product/podvesnoj-svetilnik-paoli-3-black
Подвесной светильник Moderli Martin-1,6290,https://www.divan.ru/product/podvesnoj-svetilnik-moderli-martin-1
Подвесной светильник Moderli Alina,9490,https://www.divan.ru/product/podvesnoj-svetilnik-moderli-alina
Спот Минки-1 Brown,890,https://www.divan.ru/product/spot-minki-1-brown
Спот Лима-2 Black,4890,https://www.divan.ru/product/spot-lima-2-black
Подвесной светильник Минки Black,2590,https://www.divan.ru/product/podvesnoj-svetilnik-minki-black
Светильник потолочный Элси Black,790,https://www.divan.ru/product/svetilnik-potolochnyj-elsi-black
Подвесной светильник Dioon Gold,5990,https://www.divan.ru/product/podvesnoj-svetilnik-dioon-gold
Подвесной светильник Фаро-1 White,3390,https://www.divan.ru/product/podvesnoj-svetilnik-faro-1-white
Торшер Токио Beige,27790,https://www.divan.ru/product/torsher-tokio-beige
Люстра Пиллар-6 Black,12090,https://www.divan.ru/product/lyustra-pillar-6-black
Настольная лампа Маннера Beige,4450,https://www.divan.ru/product/nastolnaya-lampa-mannera-beige
Подвесной светильник Минки-1 Grey,2890,https://www.divan.ru/product/podvesnoj-svetilnik-minki-1-grey
Торшер Moderli Birds-2,23490,https://www.divan.ru/product/torsher-moderli-birds-2
Подвесной светильник Маро Green-3,28890,https://www.divan.ru/product/podvesnoj-svetilnik-maro-green-3
Бра Ройл Black,6890,https://www.divan.ru/product/bra-rojl-black
Подвесной светильник Терси Blue-2,8190,https://www.divan.ru/product/podvesnoj-svetilnik-tersi-blue-2
Ландшафтный светильник Стамбул-2 Black,10090,https://www.divan.ru/product/landshaftnyj-svetilnik-stambul-2-black
Подвесной светильник Moderli Host-2,13390,https://www.divan.ru/product/podvesnoj-svetilnik-moderli-host-2
Спот Лима-2 White,4590,https://www.divan.ru/product/spot-lima-2-white
Бра Pinocchio,6990,https://www.divan.ru/product/bra-pinocchio
Подвесной светильник Лайонс White,8700,https://www.divan.ru/product/podvesnoj-svetilnik-lajons-white
Подвесной светильник Санти White,9690,https://www.divan.ru/product/podvesnoj-svetilnik-santi-white
Бра Твинки White,3390,https://www.divan.ru/product/bra-tvinki-white
Ландшафтный светильник Метрополис-2 Brown,12290,https://www.divan.ru/product/landshaftnyj-svetilnik-metropolis-2-brown
Торшер Юта Beige,25990,https://www.divan.ru/product/torsher-yuta-beige
Ландшафтный светильник Стамбул-1 Black,5290,https://www.divan.ru/product/landshaftnyj-svetilnik-stambul-1-black
Торшер Braccio,8990,https://www.divan.ru/product/torsher-braccio
Люстра Фаро-5 Black,11700,https://www.divan.ru/product/lyustra-faro-5-black
Ландшафтный светильник Сирмион Black,10490,https://www.divan.ru/product/landshaftnyj-svetilnik-sirmion-black
Подвесной светильник Moderli Host-1,5990,https://www.divan.ru/product/podvesnoj-svetilnik-moderli-host-1
Спот Минки-1 Black,1390,https://www.divan.ru/product/spot-minki-1-black
Бра Брик White,3290,https://www.divan.ru/product/bra-brik-white
Торшер Той Gold,19390,https://www.divan.ru/product/torsher-toy-gold
Ландшафтный светильник Ройл Black,13490,https://www.divan.ru/product/landshaftnyj-svetilnik-rojl-black
Бра Атрани Black,3590,https://www.divan.ru/product/bra-atrani-black
Спот Минки-1 White,1390,https://www.divan.ru/product/spot-minki-1-white
Фонарь Ройл Black,5990,https://www.divan.ru/product/fonar-rojl-black
Подвесной светильник Narices,9290,https://www.divan.ru/product/podvesnoj-svetilnik-narices
Люстра Альби-3 Black,4690,https://www.divan.ru/product/lyustra-albi-3-black
Бра Moderli Birds-2,14590,https://www.divan.ru/product/bra-moderli-birds-2
Торшер Pinocchio,13990,https://www.divan.ru/product/torsher-pinocchio
Бра Cornus Led,5190,https://www.divan.ru/product/bra-cornus-led
Ландшафтный светильник Метрополис-1 Brown,8390,https://www.divan.ru/product/landshaftnyj-svetilnik-metropolis-1-brown
Подвесной светильник Даклин Red,3890,https://www.divan.ru/product/podvesnoj-svetilnik-daklin-red
Люстра Джеоми White,12490,https://www.divan.ru/product/lyustra-djeomi-white
Бра Visuale,2490,https://www.divan.ru/product/bra-visuale
Подвесной светильник Moderli Brizzi-2,7790,https://www.divan.ru/product/podvesnoj-svetilnik-moderli-brizzi-2
Ландшафтный светильник Лэндскейп Black,3990,https://www.divan.ru/product/landshaftnyj-svetilnik-lendskejp-black
Подвесной светильник Эллис-3 Black,5290,https://www.divan.ru/product/podvesnoj-svetilnik-ellis-3-black
Подвесной светильник Мирра White,5090,https://www.divan.ru/product/podvesnoj-svetilnik-mirra-white
Светильник потолочный Кантур Grafit,36990,https://www.divan.ru/product/svetilnik-potolochnyj-kantur-grafit
Бра Талли Black,7990,https://www.divan.ru/product/bra-talli-black
Люстра Лима-5 Black,9590,https://www.divan.ru/product/lyustra-lima-5-black
Подвесной светильник Минки-2 Black,3090,https://www.divan.ru/product/podvesnoj-svetilnik-minki-2-black
Бра Метрополис Brown,5990,https://www.divan.ru/product/bra-metropolis-brown
Ландшафтный светильник Донатори-2 Black,9890,https://www.divan.ru/product/landshaftnyj-svetilnik-donatori-2-black
Бра Техно Стрикт-1 Grey,3290,https://www.divan.ru/product/bra-tehno-strikt-1-grey
Подвесной светильник Moderli Martin-2,14690,https://www.divan.ru/product/podvesnoj-svetilnik-moderli-martin-2
Подвесной светильник Минки-1 Black,2790,https://www.divan.ru/product/podvesnoj-svetilnik-minki-1-black
Бра Техно Стрикт-2 White,1190,https://www.divan.ru/product/bra-tehno-strikt-2-white
Подвесной светильник Руд White,3390,https://www.divan.ru/product/podvesnoj-svetilnik-rud-white
Бра Техно Стрикт-1 Black,3290,https://www.divan.ru/product/bra-tehno-strikt-1-black
Бра Техно Стрикт-1 White,2590,https://www.divan.ru/product/bra-tehno-strikt-1-white
Подвесной светильник Moderli Arya-2,8390,https://www.divan.ru/product/podvesnoj-svetilnik-moderli-arya-2
Подвесной светильник Кэнди Red,3990,https://www.divan.ru/product/podvesnoj-svetilnik-kendi-red
Ландшафтный светильник Хассалех Black,9090,https://www.divan.ru/product/landshaftnyj-svetilnik-hassaleh-black
Подвесной светильник Нести Black,5690,https://www.divan.ru/product/podvesnoj-svetilnik-nesti-black
Подвесной светильник Даклин Black,3890,https://www.divan.ru/product/podvesnoj-svetilnik-daklin-black
Подвесной светильник Минки-2 Grey,3090,https://www.divan.ru/product/podvesnoj-svetilnik-minki-2-grey
Спот Олден White,1290,https://www.divan.ru/product/spot-olden-white
Бра Техно-2 Black,3290,https://www.divan.ru/product/bra-tehno-2-black
Бра Леон Black,2490,https://www.divan.ru/product/bra-leon-black
Подвесной светильник Мистеро Grey,1190,https://www.divan.ru/product/podvesnoj-svetilnik-mistero-grey
Люстра Лима-5 White,8790,https://www.divan.ru/product/lyustra-lima-5-white
Торшер Priddy,8490,https://www.divan.ru/product/torsher-priddy
Спот Esteperra,4890,https://www.divan.ru/product/spot-esteperra
Светильник потолочный Линг Black,7690,https://www.divan.ru/product/svetilnik-potolochnyj-ling-black
Подвесной светильник Снэки-1 Grey,2490,https://www.divan.ru/product/podvesnoj-svetilnik-sneki-1-grey
Настольная лампа Акаси Black,3890,https://www.divan.ru/product/nastolnaya-lampa-akasi-black
Бра Техно-1 Black,3990,https://www.divan.ru/product/bra-tehno-1-black
Ландшафтный светильник Белфаст Black,6690,https://www.divan.ru/product/landshaftnyj-svetilnik-belfast-black
Настольная лампа Moderli Birds-1,9690,https://www.divan.ru/product/nastolnaya-lampa-moderli-birds-1
Подвесной светильник Ридж White,2990,https://www.divan.ru/product/podvesnoj-svetilnik-ridj-white
Ландшафтный светильник Донатори-1 Black,6390,https://www.divan.ru/product/landshaftnyj-svetilnik-donatori-1-black
Бра Лиманж Black,2390,https://www.divan.ru/product/bra-limanj-black
Подвесной светильник Vib White,18590,https://www.divan.ru/product/podvesnoj-svetilnik-vib-white
Подвесной светильник Хоул White,2390,https://www.divan.ru/product/podvesnoj-svetilnik-houl-white
Подвесной светильник Альби Black,990,https://www.divan.ru/product/podvesnoj-svetilnik-albi-black
Спот Минки White,1190,https://www.divan.ru/product/spot-minki-white
Подвесной светильник Пайн-1 Black,2790,https://www.divan.ru/product/podvesnoj-svetilnik-pajn-1-black
Торшер Той Black-2,17790,https://www.divan.ru/product/torsher-toy-black-2
Подвесной светильник Ридж Grafit,3690,https://www.divan.ru/product/podvesnoj-svetilnik-ridj-grafit
Бра Леон-1 Black,2190,https://www.divan.ru/product/bra-leon-1-black
Настольная лампа Ларм White,6990,https://www.divan.ru/product/nastolnaya-lampa-larm-white
Настольная лампа Alba Brown,2990,https://www.divan.ru/product/nastolnaya-lampa-alba-brown
Подвесной светильник Myrica White,13290,https://www.divan.ru/product/podvesnoj-svetilnik-myrica-white
Торшер Киото Gold,25290,https://www.divan.ru/product/torsher-kioto-gold
Подвесной светильник Myrica Black,14490,https://www.divan.ru/product/podvesnoj-svetilnik-myrica-black
Подвесной светильник Larix-1 Black,15990,https://www.divan.ru/product/podvesnoj-svetilnik-larix-1-black
Подвесной светильник Dioon,5890,https://www.divan.ru/product/podvesnoj-svetilnik-dioon
Подвесной светильник Hopy Gold,5190,https://www.divan.ru/product/podvesnoj-svetilnik-hopy-gold
Подвесной светильник Hopy Grey,5190,https://www.divan.ru/product/podvesnoj-svetilnik-hopy-grey
Подвесной светильник Cube Three,14490,https://www.divan.ru/product/podvesnoj-svetilnik-cube-three
Бра Dionia Black,4990,https://www.divan.ru/product/bra-dionia-black
Настольная лампа Palla Black,13390,https://www.divan.ru/product/nastolnaya-lampa-palla-black
Бра Caffer Black,3490,https://www.divan.ru/product/bra-caffer-black
Подвесной светильник Salix White,19890,https://www.divan.ru/product/podvesnoj-svetilnik-salix-white
Настольная лампа Джеркс Black,6990,https://www.divan.ru/product/nastolnaya-lampa-djerks-black
Бра Cornus White,5290,https://www.divan.ru/product/bra-cornus-white
Подвесной светильник Кая White,2590,https://www.divan.ru/product/podvesnoj-svetilnik-kaya-white
Подвесной светильник Корниш Beige,11290,https://www.divan.ru/product/podvesnoj-svetilnik-kornish-beige
Настольная лампа Олли White,7590,https://www.divan.ru/product/nastolnaya-lampa-olli-white
Подвесной светильник Пайн Black,2590,https://www.divan.ru/product/podvesnoj-svetilnik-pajn-black
Подвесной светильник Минки White,2590,https://www.divan.ru/product/podvesnoj-svetilnik-minki-white
Подвесной светильник Паоли White,2290,https://www.divan.ru/product/podvesnoj-svetilnik-paoli-white
Подвесной светильник Лайонс Black,8700,https://www.divan.ru/product/podvesnoj-svetilnik-lajons-black
Подвесной светильник Эллис-1 Black,2090,https://www.divan.ru/product/podvesnoj-svetilnik-ellis-1-black
Подвесной светильник Клифс Beige,13190,https://www.divan.ru/product/podvesnoj-svetilnik-klifs-beige
Подвесной светильник Дейл-3 Brown,7890,https://www.divan.ru/product/podvesnoj-svetilnik-dejl-3-brown
Люстра Лорето-10 White,6490,https://www.divan.ru/product/lyustra-loreto-10-white
Ландшафтный светильник Элси-2 Black,1090,https://www.divan.ru/product/landshaftnyj-svetilnik-elsi-2-black
Бра Мостар Black,3990,https://www.divan.ru/product/bra-mostar-black
Бра Мэль White,2590,https://www.divan.ru/product/bra-mel-white
Подвесной светильник Пиллар-3 Black,4690,https://www.divan.ru/product/podvesnoj-svetilnik-pillar-3-black
Спот Дьюк White,2549,https://www.divan.ru/product/spot-dyuk-white
Подвесной светильник Сфера-1 Black,4390,https://www.divan.ru/product/podvesnoj-svetilnik-sfera-1-black
Бра Сфера-1 Black,4790,https://www.divan.ru/product/bra-sfera-1-black
Торшер Эдли Beige,22990,https://www.divan.ru/product/torsher-edli-beige
Торшер Севилья White,7690,https://www.divan.ru/product/torsher-sevilya-white
Светильник потолочный Банджи Black,6300,https://www.divan.ru/product/svetilnik-potolochnyj-bandji-black
Подвесной светильник Корси Grafit,2790,https://www.divan.ru/product/podvesnoj-svetilnik-korsi-grafit
Подвесной светильник Лима Black,2290,https://www.divan.ru/product/podvesnoj-svetilnik-lima-black
Спот Лима-3 White,6490,https://www.divan.ru/product/spot-lima-3-white
Торшер Maserlo-1,19790,https://www.divan.ru/product/torsher-maserlo-1
